Minerds Bell Consultancy Group - Analysis of North FUA - 07-11-2025,Unnamed: 1,Unnamed: 2,Unnamed: 3,Unnamed: 4,Unnamed: 5,Unnamed: 6,Unnamed: 7,Unnamed: 8,Unnamed: 9,Unnamed: 10,Unnamed: 11
,,,,,,,,,,,
,Product,MyNorth Investment,MyNorth Lifetime Income,MyNorth Pension,MyNorth Super,North Investment,North Personal Pension,North Personal Superannuation,Total,,
,,,,,,,,,,,
Cash / TDs,Investment ,FUA$,FUA$,FUA$,FUA$,FUA$,FUA$,FUA$,FUA$,FUA $,% of total FUA
Cash,Cash Account,1670156.05,10608.21,13669304.45,6166293.09,163099.49,1158500.08,576370.41,23414331.78,,
TD,Adelaide Bank Term Deposit,,,412000,35000,,,,447000,,
TD,AMP Term Deposit,352750,,4785233.55,1159738.48,,461926.66,65000,6824648.69,,
TD,ANZ Term Deposit,10000,,1234129.1,272483.01,,135000,,1651612.11,,
TD,NAB Term Deposit,706750,,3323204.44,1213726.89,25000,362000,,5630681.33,37968273.91,
,,,,,,,,,,,
,,,,,,,Total Managed Funds excluding Cash and Term Deposits,,,319846323.4,1
Defensive Portfolio ,,,,,,,,,,,
Portfolio,Investment Fund,FUA$,FUA$,FUA$,FUA$,FUA$,FUA$,FUA$,FUA$,,
Defensive,Ardea Real Outcome Fund,478240,,3414740.57,822256.34,,195077.31,10479.6,4920793.82,,
Defensive,Bentham Global Income Fund (W) ,1179701.14,,5285763.52,2217149.56,94304.88,258970.93,79728.41,9115618.44,,
Defensive,Franklin Australian Absolute Return Bond Fund - Class A,789241.06,,4738206.1,1879503.97,,280892.75,82443.49,7770287.37,,
Defensive,Pendal Dynamic Income Fund,182805.43,,445701.98,207986.6,,15910.09,,852404.1,,
Defensive,PIMCO Diversified Fixed Interest Fund - Wholesale Class,1488964.37,,6995036.9,2891304.53,97683.04,467592.82,105776.35,12046358.01,,
Defensive,UBS Income Solution Fund,661939.92,13933.27,2218590.24,657494.21,37426.51,212491.42,72721.21,3874596.78,38580058.52,0.12062061
,,,,,,,,,,,
Growth Portfolio,,,,,,,,,,,
Portfolio,Investment Fund,FUA$,FUA$,FUA$,FUA$,FUA$,FUA$,FUA$,FUA$,,
Growth,Allan Gray Australia Equity Fund ,1358249.72,9686.08,6212701.48,2954552.1,70527.85,103679.26,256408.92,10965805.41,,
Growth,Ausbil Australian Smaller Companies Fund,587864.74,,2055176.49,1220942.8,128779.9,69949.77,138707.88,4201421.58,,
Growth,Fidelity Australian Equities Fund,1772790.14,10480.34,8577647.11,4035335.23,195697.54,429459.23,234838.07,15256247.66,,
Growth,Pendal MidCap Fund,252523.61,,1108772.77,727175.52,,48362.93,,2136834.83,,
Growth,Vanguard Australian Shares Index Fund (W) ,302747.74,,4847395.52,2184102.76,,161070.87,46675.16,7541992.05,,
Growth,WaveStone Australian Share Fund,873700.2,,4449665.73,2835637.74,45298.94,202688.32,221395.58,8628386.51,,
Growth,Arrowstreet Global Equity Fund,2256403.58,,9744881.81,4499499.97,203940.7,566525.7,422651.88,17693903.64,,
Growth,Fidelity Asia Fund,645875,,3523442.68,1668880.99,32538.61,89275.4,109118.42,6069131.1,,
Growth,GQG Partners Global Equities ,1151535.14,,6149149.98,2894037.43,71076.76,523148.65,127747.66,10916695.62,,
Growth,Loftus Peak Global Disruption,182636.66,,423208.4,322556.41,,,,928401.47,,
Growth,Magellan Global Fund,1974846.2,10138.17,8046463.3,3901248.13,220037.83,414007.8,309171.56,14875912.99,,
Growth,T. Rowe Price Global Equity Fund,1164216.11,,6180106.76,3539124.31,,219794.08,192840.42,11296081.68,,
Growth,Vanguard International Shares Index Fund ,383805.21,,6536728.11,2987214.63,,177238.23,107538.36,10192524.54,,
Growth,ClearBridge RARE Infrastructure Value Fund - Unhedged,575106.1,,2691260.25,1447283.9,22674.82,48027.86,118739.07,4903092,,
Growth,Quay Global Real Estate-Daily Series,234544.11,,1355667.05,706786.76,29759.13,30395.97,68748.62,2425901.64,,
Growth,Vanguard Australian Property Securities Index Fund (W) ,1218219.58,6070.45,7309418.31,3076065.2,63457.85,727453.8,198081.44,12598766.63,140631099.4,0.439683339
,,,,,,,,,,,
,,,,,,,,,,,
, iShares Core FTSE Global Infrastructure (AUD Hedged) ETF,,,5125.67,262.71,,,,5388.38,,
,abrdn Emerging Markets Equity Fund,,,11461.14,17783.9,,,,29245.04,,
,abrdn Sustainable Asian Opportunities Fund - Class A,9559.1,,,25136.54,,,,34695.64,,
,abrdn Sustainable International Equities Fund,904029,,2270449.96,806201.28,59533.16,320000.36,151754.15,4511967.91,,
,Acadian Geared Global Equity Fund,,,,,,,48002.18,48002.18,,
,Allan Gray Australia Stable Fund,,,36821.87,,,,,36821.87,,
,Alphinity Australian Share (W) ,37327.15,,,,47005.8,,,84332.95,,
,Alphinity Sustainable Share Fund,,,,522.03,,,,522.03,,
,Amcor PLC Cdi 1:1 Foreign Exempt NYSE,,,,35.72,,,,35.72,,
,AMP - Cash Management,,,1155.72,162971.21,,,,164126.93,,
,AMP Australian Equity Index Fund,,,8805.36,,,,,8805.36,,
,AMP Australian Property Index Fund,,,859.44,,,,,859.44,,
,AMP Constructor Series - SouthPeak Alternative Alpha Fund,,,5928.46,28891.82,,,1246.89,36067.17,,
,AMP Emerging Markets Index Fund,,,1583.93,,,,,1583.93,,
,AMP International Equity Index Fund,,,6426.92,39149.67,,,2531.8,48108.39,,
,AMP International Equity Index Fund Hedged,,,17966.42,25634.86,,,1658.67,45259.95,,
,AMP International Fixed Interest Index Fund Hedged,,,941.81,,,,,941.81,,
,AMP International Property Index Fund Hedged,,,5371.83,,,,,5371.83,,
,AMP Limited Ordinary Fully Paid,,,2025.15,21914.4,,,,23939.55,,
,Ansell Limited Ordinary Fully Paid,,,,1461.79,,,,1461.79,,
,Antares High Growth Shares Fund,185461.71,,1907075.51,498480.32,,306464.13,60814.67,2958296.34,,
,Antipodes Global Fund,,,97377.28,,,,,97377.28,,
,Antipodes Global Fund - Class M,,,,22904.72,,,,22904.72,,
,Antipodes Global Fund - Long,,,2409.27,27550.51,,,1795.73,31755.51,,
,ANZ Group Holdings Limited Ordinary Fully Paid,,,50581.32,3484.64,,,,54065.96,,
,APA Group Fully Paid Units Stapled Securities,,,,40174.02,,,,40174.02,,
,Appen Limited Ordinary Fully Paid,,,,2844,,,,2844,,
,Ardea Diversified Bond Fund - Class C,,,4151.93,34136.31,,,579.99,38868.23,,
,Argo Investments Limited Ordinary Fully Paid,,,7068.6,,,,,7068.6,,
,Aristocrat Leisure Limited Ordinary Fully Paid,,,,1450.21,,,,1450.21,,
,Arrowstreet Global Equity Fund (Hedged),,,33717.96,13876.11,,,1300.93,48895,,
,Arrowstreet Global Equity No. 2 Fund (Hedged) - Class I,,,3792.61,49830.23,,,2818.4,56441.24,,
,Arrowstreet Global Equity No.2 Fund - Class W Units,,,13283.71,42341.79,,,2748.28,58373.78,,
,Aurizon Holdings Limited Ordinary Fully Paid,,,9350,,,,,9350,,
,Ausbil 130/30 Focus Fund,,,,9891.79,,,,9891.79,,
,Ausbil 130/30 Focus Fund - MA Class,,,11034.15,62998.04,,,,74032.19,,
,Ausbil Active Sustainable Equity Fund,,,59781.21,246.57,,,,60027.78,,
,Ausbil Australian Active Equity Fund,339032.78,,2635598.78,1100804.11,,363208.49,83438.88,4522083.04,,
,Ausbil Australian Emerging Leaders Fund,,,97762.79,73119.55,,,,170882.34,,
,Australian Ethical Australian Shares Fund,18012.3,,56222.7,36764.41,,,,110999.41,,
,Australian Foundation Investment Company Limited Ordinary Fully Paid,,,17892.16,,,,,17892.16,,
,AXA IM Sustainable Equity Fund,,,6567.91,382.48,,,,6950.39,,
,Beach Energy Limited Ordinary Fully Paid,,,25201.76,,,,,25201.76,,
,Beetaloo Energy Australia Limited Ordinary Fully Paid,,,,,50564.42,,,50564.42,,
,Bendigo And Adelaide Bank Limited Ordinary Fully Paid,,,,1021.89,,,,1021.89,,
,Bennelong Australian Equities,,,7764.15,96607.94,,,,104372.09,,
,Bennelong ex-20 Australian Equities Fund,860699.77,,4434866.46,2119822.98,51160.3,99515.62,221922.46,7787987.59,,
,Bentham Professional Global Income Fund - Class X,,,12508.89,,,,,12508.89,,
,Bentham Syndicated Loan Fund (W) ,340912.27,10088.79,1512532.41,283622.82,7373.09,132271.19,49133.13,2335933.7,,
,Betashares Australia 200 Etf Betashares Australia 200 Etf,,,17449.41,,,,,17449.41,,
,Betashares Australian Bank Senior Floating Rate Bond Etf Betashares Au,,,2550.76,,,,,2550.76,,
,Betashares Australian Composite Bond Etf Betashares Australian Composi,,,42146.3,,,,,42146.3,,
,Betashares Australian Momentum Etf Betashares Australian Momentum Etf,,,4508.99,,,,,4508.99,,
,Betashares Australian Quality Etf Betashares Australian Quality Etf,,,4177.77,,,,,4177.77,,
,Betashares Australian Sustainability Leaders Etf Betashares Australian Sustainability Leaders Etf,,,,33956.68,,,,33956.68,,
,Betashares Ftse 100 Etf Betashares Ftse 100 Etf,,,,124.28,,,,124.28,,
,Betashares Ftse Rafi Australia 200 Etf Betashares Ftse Rafi Australia ,,,9068.52,,,,,9068.52,,
,Betashares Global Quality Leaders Etf Betashares Global Quality Leader,,,5171.89,,,,,5171.89,,
,Betashares Global Shares Currency Hedged Etf Betashares Global Shares Currency Hedged Etf,,,14294.7,,,,,14294.7,,
,Betashares Gold Bullion Currency Hedged Etf Betashares Gold Bullion Currency Hedged Etf,,,4804.71,,,,,4804.71,,
,Betashares S&P 500 Equal Weight Etf Betashares S&P 500 Equal Weight Et,,,6030.02,,,,,6030.02,,
,BHP Group Limited Ordinary Fully Paid,,,38995.14,61375.7,30992.88,27521,,158884.72,,
,BlackRock Advantage Australian Equity Fund,141123.9,,715220.44,107948.69,39527.51,23188.96,69234.61,1096244.11,,
,BlackRock Advantage International Equity Fund,217220.6,,26414.19,,,,,243634.79,,
,BlackRock Australian Equity Index,,,,22966.06,,,,22966.06,,
,BlackRock Diversified ESG Growth Fund,506348.7,,4709218.2,557634.34,,1122640.71,163734.72,7059576.67,,
,BlackRock Diversified ESG Stable Fund,,,291532.5,,,52477.92,,344010.42,,
,BlackRock International Equity Index (Unhedged),,,2683.11,264057.18,,,,266740.29,,
,BlackRock Property Securities Index,,,,0.36,,,,0.36,,
,BlackRock Tactical Growth Fund,,,118706.94,,,,,118706.94,,
,"Block, Inc. Cdi 1:1 Foreign Exempt NYSE",,,,43422.6,,,,43422.6,,
,Brambles Limited Ordinary Fully Paid,,,,82.74,,,,82.74,,
,BWP Group Fully Paid Ordinary/Units Stapled Securities,,,,17361.9,,,,17361.9,,
,CC Sage Capital Equity Plus Fund - Class C,,,6719.91,80728.26,,,4997.75,92445.92,,
,CFS Geared Share Fund,,,,301889.02,,,117300.01,419189.03,,
,CFS Select Diversified Fund,65135.62,,2014104.95,56918.85,,196558.2,,2332717.62,,
,Charter Hall Direct Office Fund,,,872.97,,,,,872.97,,
,ClearBridge Equity Income Fund - Class A,,,6380.91,,,,,6380.91,,
,ClearBridge RARE Infrastructure Income Fund - Hedged,,,23766.61,,,,,23766.61,,
,ClearBridge RARE Infrastructure Income Fund - Hedged Class C Units,,,4589.84,,,,,4589.84,,
,ClearBridge RARE Infrastructure Value Fund - Hedged,,,16447.72,,,,,16447.72,,
,ClearBridge Real Income Fund - Class A,,,1007.8,,,,,1007.8,,
,Cochlear Limited Ordinary Fully Paid,,,,7120.5,,,,7120.5,,
,Coles Group Limited. Ordinary Fully Paid,,,6041.75,1379.19,,,,7420.94,,
,Commonwealth Bank Of Australia Ordinary Fully Paid,,,155717.05,7639.17,,,,163356.22,,
,Computershare Limited. Ordinary Fully Paid,,,30243.39,,,,,30243.39,,
,CSL Limited Ordinary Fully Paid,,,5642.88,2691.04,,,,8333.92,,
,Dexus Core Infrastructure Fund,,,7441.16,17679.65,,,,25120.81,,
,Dexus Core Infrastructure Fund Fund,,,,23423.06,,,,23423.06,,
,Dexus Fully Paid Units Stapled Securities,,,,40,,,,40,,
,Dexus Wholesale Australian Property Fund,324693.07,4162.4,1304407.11,483356.41,67778.15,81719.27,69396.53,2335512.94,,
,Digico Infrastructure Reit Fully Paid Ordinary/Units Stapled Securities,,,,38258.88,,,,38258.88,,
,Dimensional Global Small Company Trust,45189.37,,78125.5,134935.73,,,8900.64,267151.24,,
,Dimensional Global Sustainability Trust Unhedged,,,,439.37,,,,439.37,,
,DNR Capital Australian Equities High Conviction Fund,,,53413.94,60103.1,,,,113517.04,,
,DNR Capital Australian Equities High Conviction Fund - W-Class,,,225524.63,192763.32,,,,418287.95,,
,Dyno Nobel Limited. Ordinary Fully Paid,,,,2841.6,,,,2841.6,,
,Endeavour Group Limited Ordinary Fully Paid,,,5715.98,,,,,5715.98,,
,Epoch Global Equity Shareholder Yield (Hedged) Fund,,,33169.27,,,,,33169.27,,
,Epoch Global Equity Shareholder Yield (Unhedged) Fund,678708.18,8871.2,1841290.62,461647.73,138685.15,90193.23,137319.19,3356715.3,,
,Epoch Global Equity Shareholder Yield Fund - Class B,,,11109.29,,,,,11109.29,,
,Evolution Mining Limited Ordinary Fully Paid,,,,1731.96,,,,1731.96,,
,Fidelity Global Emerging Markets Fund,24386.97,,170443.96,166072.4,,,,360903.33,,
,Fidelity Global Equities Fund,731208.39,12655.53,1997189.08,498896.57,179243.29,130912.31,57966.51,3608071.68,,
,Fidelity India Fund,,,,15214.6,,,,15214.6,,
,Firetrail Australian Small Companies Fund - Class M,,,,7052.1,,,,7052.1,,
,First Sentier Concentrated Australian Share Fund,,,9325.63,37175.73,,,2280.06,48781.42,,
,First Sentier Geared Australian Share Fund,,,,39850.71,,,,39850.71,,
,First Sentier Wholesale Imputation Fund,11716.04,,68064.12,707.41,,,,80487.57,,
,First Sentier Wholesale Property Securities Fund,,,42226.89,,,,,42226.89,,
,Fortescue Ltd Ordinary Fully Paid,,,,1282.81,,,,1282.81,,
,Franklin Global Growth Fund (Class A) - Hedged,,,10967.26,,,,,10967.26,,
,Global X Physical Gold Structured Global X Physical Gold Structured,49164.62,,118118.42,9081.72,,,,176364.76,,
,Goodman Group Fully Paid Ordinary/Units Stapled Securities,,,,1939.01,,,,1939.01,,
,GPT Group Fully Paid Ordinary/Units Stapled Securities,,,,48.62,,,,48.62,,
,GQG Partners Emerging Markets Fund,,,9971.82,,,,,9971.82,,
,GQG Partners Global Equity Fund - Z Class,,,4994.76,24095.44,,,1494.13,30584.33,,
,IFP Global Franchise Fund,16953.39,,79264.68,32092.51,,,,128310.58,,
,Impax Sustainable Leaders Fund,,,,298.88,,,,298.88,,
,Invesco Wholesale Global Targeted Returns Fund - Class A,,,10444.02,,,,,10444.02,,
,Invesco Wholesale Global Targeted Returns Fund - Class P,,,,8952.85,,,,8952.85,,
,Investors Mutual All Industrials Share Fund,,,285034.28,4294.63,,26704.11,,316033.02,,
,Investors Mutual Australian Share Fund (W),274223.33,,935155.31,292529.06,,78948.92,,1580856.62,,
,Investors Mutual Concentrated Australian Share Fund,59111.52,,11494.2,13887.88,,,,84493.6,,
,Investors Mutual Equity Income Fund,,,39496.84,3905.27,,,2833.83,46235.94,,
,Investors Mutual Future Leaders Fund,,,56199.21,76914.48,64668.69,15768.77,,213551.15,,
,Ironbark Brown Advisory Global Share Fund,,,71061.79,156733.37,,,,227795.16,,
,Ironbark DWS Global (ex-Australia) Property Securities Fund,18506.4,,,,,,,18506.4,,
,Ironbark Paladin Property Securities Fund,182695.88,,1162251.32,294199.49,2148.69,34405.9,31452.59,1707153.87,,
,Ironbark Robeco Glbl Developed Enhanced Index Equ - Class A (Unhdgd),,,60064.22,91354.26,,,,151418.48,,
,Ironbark Robeco Glbl Developed Enhanced Index Equ - Class H (Hdgd),,,22504.5,,,,,22504.5,,
,iShares Australian Bond Index Fund,,,,,,10569.73,,10569.73,,
,iShares Australian Listed Property Index Fund,,,45003.11,72553.11,,57679.33,6145.1,181380.65,,
,Ishares China Large-Cap Etf Ishares China Large-Cap Etf,,,,181.88,,,,181.88,,
,Ishares Core Cash Etf Ishares Core Cash Etf,,,,1915.28,,,,1915.28,,
,Ishares Core Composite Bond Etf Ishares Core Composite Bond Etf,,,,498.04,,,,498.04,,
,Ishares Core Msci World EX Aus Esg (Aud Hed) Etf Ishares Core Msci Wor,,,,439.29,,,,439.29,,
,Ishares Core Msci World EX Australia Esg Etf Ishares Core Msci World E,,,,357.11,,,,357.11,,
,Ishares Core S&P/ASX 200 Etf Ishares Core S&P/ASX 200 Etf,,,,638.54,,,,638.54,,
,iShares International Equity Index Fund,,,,,,13367.42,,13367.42,,
,Ishares Msci Japan Etf Ishares Msci Japan Etf,,,,120.41,,,,120.41,,
,Ishares Msci South Korea Etf Ishares Msci South Korea Etf,,,,98.08,,,,98.08,,
,Ishares S&P Small-Cap Etf Ishares S&P Small-Cap Etf,,,,4303.25,,,,4303.25,,
,James Hardie Industries PLC Chess Depositary Interests 1:1,,,8077.52,3593.35,,,,11670.87,,
,Janus Henderson Diversified Credit Fund,5266.48,11830.86,248342.08,50725.88,,56429.18,,372594.48,,
,Janus Henderson Global Sustainable Equity Fund - Class I,,,,324.91,,,,324.91,,
,Janus Henderson Tactical Income Fund,,,12888.79,16165.17,,,,29053.96,,
,JB Hi-Fi Limited Ordinary Fully Paid,,,,924.7,,,,924.7,,
,Kapstream Absolute Return Income Fund,919378.56,15283.08,2782688.38,814567.48,68527.66,316595.88,27989.91,4945030.95,,
,Kapstream Absolute Return Income Fund - Class X,19580.16,,199969.89,139761.03,,,,359311.08,,
,Kogan.Com Ltd Ordinary Fully Paid,,,,10688.8,,,,10688.8,,
,Lazard Emerging Markets Fund ,9016.22,,12715.6,,69682.17,,,91413.99,,
,Lazard Global Infrastructure Fund (Hedged) - S Class,,,160722.4,190494.77,,,,351217.17,,
,Lazard Global Listed Infrastructure Fund,20177.35,,40065.48,158286.15,,,1655.77,220184.75,,
,Lendlease Group Fully Paid Ordinary/Units Stapled Securities,,,,48405.33,,,,48405.33,,
,Lifestyle Communities Limited Ordinary Fully Paid,,,,55468.93,,,,55468.93,,
,Lynas Rare Earths Limited Ordinary Fully Paid,,,,6324.8,,,,6324.8,,
,Macquarie Australian Diversified Income Fund,,,23190.2,,,,,23190.2,,
,Macquarie Australian Real Estate Fund - Class A Units,,,24793.3,,,,,24793.3,,
,Macquarie Cash,,,21171.2,109265.96,71802.07,8452.23,228972.68,439664.14,,
,Macquarie Corporate Bond Fund - Class A Units,88758.77,11893.1,293532.06,97868.55,,33359.56,14193.63,539605.67,,
,Macquarie Corporate Bond Fund - Class G Units,,,96107.06,34691.65,,,,130798.71,,
,Macquarie Dynamic Bond No. 1 Fund - Class W,,,8331.43,63256.94,,,791.74,72380.11,,
,Macquarie Global Listed Real Estate Fund - Class A Units,729257.39,5476.4,2377887.64,1009694.22,62852.54,110240.69,89404.03,4384812.91,,
,Macquarie Global Listed Real Estate Fund - Class G Units,9418.94,,137430.11,85175.8,,,,232024.85,,
,Macquarie Group Limited Ordinary Fully Paid,,,25322.31,69002.32,,,,94324.63,,
,Macquarie Income Opportunities Fund,,,,,,,10546.72,10546.72,,
,Macquarie True Index Australian Fixed Interest,,,19520.98,,,,,19520.98,,
,Magellan Financial Group Limited Ordinary Fully Paid,,,,37854.72,,,,37854.72,,
,Magellan Global Fund -Open Class Units -Active Etf Magellan Global Fund -Open Class Units -Active Etf,80226.08,,92654.36,32611.2,41828.92,,,247320.56,,
,Magellan Infrastructure Fund,102435.28,,225711.67,105502.72,,5153.9,5247.06,444050.63,,
,Magellan Infrastructure Fund (Unhedged),68135.1,,392484.16,413595.79,,,,874215.05,,
,Maple-Brown Abbott Global Listed Infrastructure Fund,7712.54,,24581.41,,,,,32293.95,,
,Maple-Brown Abbott Global Listed Infrastructure Fund (Hedged),,,8386.24,,,,,8386.24,,
,Martin Currie Australia Equity Income Fund,67694.25,,284905.25,451.23,15370.02,33225.35,,401646.1,,
,Medibank Private Limited Ordinary Fully Paid,,,,982.24,,,,982.24,,
,Merlon Australian Share Income Fund (W) ,,,8743.71,32729.46,,14415.1,,55888.27,,
,Metcash Limited Ordinary Fully Paid,,,,1012.83,,,,1012.83,,
,MFG Core Infrastructure Fund,,,7233.32,27125.65,,,1879.94,36238.91,,
,MFS Global Equity Trust,246426.71,,1163595.38,670063.89,13146.71,97778.56,2059.41,2193070.66,,
,MFS Hedged Global Equity Trust,,,,,,9096.27,,9096.27,,
,Morningstar Australian Share Fund,,,,273.65,,,,273.65,,
,Morningstar Global Opportunities Fund,,,,747.76,,,,747.76,,
,Morningstar International Bonds (Hedged) Fund - Class Z,,,,776.09,,,,776.09,,
,Morningstar International Shares Active Etf Morningstar International Shares Active Etf,,,,749.76,,,,749.76,,
,Morningstar Multi Asset Real Return Fund - Class Z,,,,623.86,,,,623.86,,
,Munro Global Growth Fund - Ordinary Units,,,262903.46,45693.93,30764.5,46680.13,,386042.02,,
,Munro Global Growth Small & Mid Cap Fund - Class A,,,,59824.3,,,,59824.3,,
,MyNorth Index Balanced,129193.09,,2648381.2,2073932.02,,,,4851506.31,,
,MyNorth Index Defensive,156639.28,,256575.48,,,,,413214.76,,
,MyNorth Index Growth,18053.49,,7506.36,1202318.8,,,,1227878.65,,
,MyNorth Index High Growth,78246.59,,,553447.76,,,,631694.35,,
,MyNorth Index Moderately Defensive,,,1260937.53,1114822.37,,,,2375759.9,,
,National Australia Bank Limited Ordinary Fully Paid,,,85675.72,40481.66,,,,126157.38,,
,North Index Balanced,,,98773.73,76040.1,206818.38,314416.82,56141.26,752190.29,,
,North Index Defensive,,,,,,96540.58,,96540.58,,
,North Index Growth,,,,,,,634497.76,634497.76,,
,North Index High Growth,,,,85825.4,116575.92,,414299.23,616700.55,,
,North Index Moderately Defensive,,,354077.88,,,221117.97,148373.81,723569.66,,
,North Professional Balanced,181547.29,,4821576.48,1860499.6,,1440600.91,1766853.48,10071077.76,,
,North Professional Conservative,182219.64,,135126.81,30860.98,,7473.44,,355680.87,,
,North Professional Growth,38285.66,,195459.27,1492720.8,,97238.6,2812792.95,4636497.28,,
,North Professional High Growth,10254.14,,,1222732.46,,98659.56,847676.03,2179322.19,,
,North Professional Moderately Conservative,23929.81,,1915284.42,24820.61,,815197.05,84479.08,2863710.97,,
,Northern Star Resources Ltd Ordinary Fully Paid,,,,1291.21,,,,1291.21,,
,Orbis Global Equity Fund,153352.07,,503175.25,193226.85,,18437.9,33042.46,901234.53,,
,Origin Energy Limited Ordinary Fully Paid,,,27067.98,7056.54,,,,34124.52,,
,Pendal Australian Equity Fund,,,59333.7,,,,,59333.7,,
,Pendal Focus Australian Equities Fund,,,18049.21,82391.28,,,5135.92,105576.41,,
,Pendal Horizon Sustainable Australian Share Fund,55052.12,,,36866.44,,,29789.43,121707.99,,
,Pendal Multi Asset Target Return Fund,,,,289.26,,,,289.26,,
,Pendal Short Term Income Securities Trust,,,9826.6,87842.18,,,1203.57,98872.35,,
,Pendal Smaller Companies Fund,15475.77,,,,,,,15475.77,,
,Pendal Sustainable Australian Fixed Interest Fund,,,,239.4,,,,239.4,,
,Pendal Sustainable Australian Fixed Interest Fund - Class W,,,10953.5,76235.6,,,1350.54,88539.64,,
,Perpetual Australian Share Fund,,,103150.89,47317.42,,34532.61,69227.01,254227.93,,
,Perpetual Balanced Growth Fund,92798.19,,4330832.7,311148.87,,1078871.03,110268.81,5923919.6,,
,Perpetual Concentrated Equity Fund,580578.54,9180.42,1688612.5,588716.73,131203.87,101976.58,47734.13,3148002.77,,
,Perpetual Geared Australian Share Fund,,,,13368.61,29553.79,,,42922.4,,
,Perpetual Industrial Share Fund,,,,92809.42,,,,92809.42,,
,Perpetual Limited Ordinary Fully Paid,,,27001.5,,,,,27001.5,,
,PIMCO Australian Bond Fund - Wholesale Class,12855.9,,,,,,,12855.9,,
,PIMCO Diversified Fixed Interest Fund,5238.36,,481602.64,164053.11,,,,650894.11,,
,PIMCO Global Bond Fund - Wholesale Class,,,11720.76,86938.98,,,977.76,99637.5,,
,Platinum Asia Fund ,160594.37,,565798.53,586690.67,,14117.78,,1327201.35,,
,Platinum European Fund,38318.75,,,,40215.39,,,78534.14,,
,Platinum International Brands Fund,,,,23228.39,,,,23228.39,,
,Platinum International Fund,71126.9,,109475.65,510115.37,,,31043.48,721761.4,,
,Platinum Japan Fund,58651.96,,43868.32,58550.26,,7270.9,,168341.44,,
,Plato Australian Shares Income Fund,,,114352.99,,,8047.46,,122400.45,,
,Plato Global Alpha Fund,,,4338.73,45760,,,,50098.73,,
,Plato Global Shares Income Fund - Class F,,,9883.31,,,,,9883.31,,
,Qantas Airways Limited Ordinary Fully Paid,,,,1553.91,,,,1553.91,,
,QBE Insurance Group Limited Ordinary Fully Paid,,,,1514.1,,,,1514.1,,
,Qube Holdings Limited Ordinary Fully Paid,,,,11910.24,,,,11910.24,,
,Ramsay Health Care Limited Ordinary Fully Paid,,,,45744.02,,,,45744.02,,
,REA Group Ltd Ordinary Fully Paid,,,,844.86,,,,844.86,,
,Resmed Inc Cdi 10:1 Foreign Exempt NYSE,,,,61.32,,,,61.32,,
,RIO Tinto Limited Ordinary Fully Paid,,,,1976.11,,,,1976.11,,
,Russell Global Opportunities (Class A) Fund,,,,24861.54,,,,24861.54,,
,Russell Investments Australian Government Bond Etf Russell Investments,,,,6890.56,,,,6890.56,,
,Russell Investments Australian Select Corporate Bond Etf Russell Inves,,,,1097.32,,,10049.34,11146.66,,
,Russell Investments Global Listed Infrastructure Fund - Hedged,,,,5984.07,,,,5984.07,,
,Russell Investments Multi-Asset Growth Strategy Fund - Class A,,,,40052.54,,,,40052.54,,
,Santos Limited Ordinary Fully Paid,,,6509.6,16558.4,,,,23068,,
,Scentre Group Fully Paid Ordinary/Units Stapled Securities,,,4924.78,,,,,4924.78,,
,Schroder Absolute Return Income Fund,8151.02,,82698.98,5266.93,44520.61,,,140637.54,,
,Schroder Australian Equity Fund,33377.56,,72932.83,123636.27,,,,229946.66,,
,Schroder Australian Equity Fund (W),1608234.83,11482.76,7714262.99,2602697.94,182235.43,1122066.36,113677.31,13354657.62,,
,Schroder Fixed Income Fund - Client Class,,,63781.48,74194.53,,,,137976.01,,
,Schroder Fixed Income Fund - Professional Class,,,10465.1,72429.17,,,1284.3,84178.57,,
,Schroder Fixed Income Fund (W),496802.28,,916319.06,236122.79,25768.58,47120.95,1557.82,1723691.48,,
,Schroder Global Emerging Markets,55478.63,,,17813.27,,,,73291.9,,
,Schroder Real Return Fund,,,,48180.69,,,,48180.69,,
,SGH Limited Ordinary Fully Paid,,,,1059.53,,,,1059.53,,
,Sims Limited Ordinary Fully Paid,,,,15064.92,,,,15064.92,,
,Skycity Entertainment Group Limited Ordinary Fully Paid Foreign Exempt Nzx,,,,14898.21,,,,14898.21,,
,South32 Limited Ordinary Fully Paid,,,2406.94,3729.7,2210.64,1005.66,,9352.94,,
,Suncorp Group Limited Ordinary Fully Paid,,,,1058.75,,,,1058.75,,
,Talaria Global Equity Fund,12433.43,,172567.44,50490.79,,,,235491.66,,
,Telstra Group Limited Ordinary Fully Paid,,,15589.25,60521.26,,,,76110.51,,
,Transurban Group Fully Paid Ordinary/Units Stapled Securities,,,,2652.67,,,,2652.67,,
,Treasury Wine Estates Limited Ordinary Fully Paid,,,,2037,,,,2037,,
,Tyndall Australian Share Wholesale Fund,32318.75,,,,,3133.64,,35452.39,,
,UBS Australian Bond Fund ,10900.64,,16696.88,,,10517.19,,38114.71,,
,UBS Australian Small Companies Fund,,,11003.05,,,,,11003.05,,
,UBS Cash Fund ,92273.24,,504465.76,261410.79,4721.12,167096.84,1232.84,1031200.59,,
,UBS Diversified Fixed Income Fund ,,,44652.97,,,,,44652.97,,
,UBS Key Inv (W) International Bond Fund,,,,129023.47,,,,129023.47,,
,Unibail-Rodamco-Westfield Cdi 20:1 Foreign Exempt Xpar,,,1630,,,,,1630,,
,Vaneck Australian Property Etf Vaneck Australian Property Etf,,,,,,,19970.17,19970.17,,
,Vaneck Ftse International Property (Aud Hedged) Etf Vaneck Ftse International Property (Aud Hgd) Etf,,,,166.31,,,,166.31,,
,Vaneck Msci International Quality Etf Vaneck Msci International Qualit,,,23535.35,,,,,23535.35,,
,Vanguard All-World Ex-Us Shares Index Etf Vanguard All-World Ex-Us Sha,,,11044.05,11605.72,,,,22649.77,,
,Vanguard Australian Fixed Interest Index Etf Vanguard Australian Fixed,,,,396.74,,,,396.74,,
,Vanguard Australian Fixed Interest Index Fund (W) ,10099.66,,88902.39,78125.02,,,2335.19,179462.26,,
,Vanguard Australian Government Bond Index Fund,,,12365.88,170439.17,,6555.21,,189360.26,,
,Vanguard Australian Property Securities Index Etf Vanguard Australian ,,,,3239.01,,,,3239.01,,
,Vanguard Australian Shares Index Etf Vanguard Australian Shares Index ,,,,45599.86,,,,45599.86,,
,Vanguard Conservative Index Fund,,,49614.33,,,,,49614.33,,
,Vanguard Emerging Markets Shares Index Fund ,,,,52054.15,,,,52054.15,,
,Vanguard Ethical Conscious Australian Shares Fund,,,171904.44,,,,,171904.44,,
,Vanguard Ethically Conscious Global Aggregate Bond Index Fund,,,78755.71,128.48,,,,78884.19,,
,Vanguard Ethically Conscious Int. Shares Index Fund (AUD Hedged),,,,390.35,,,,390.35,,
,Vanguard Ethically Conscious International Shares Index,73891.66,,227589.12,,,,,301480.78,,
,Vanguard Ethically Conscious International Shares Index Etf Vanguard E,,,,31662.4,,,,31662.4,,
,Vanguard Ftse Emerging Markets Shares Etf Vanguard Ftse Emerging Marke,,,,3612.59,,,,3612.59,,
,Vanguard Global Aggregate Bond Index (Hedged) Etf Vanguard Global Aggr,,,29540.59,7505.5,,,,37046.09,,
,Vanguard Global Infrastructure Index Fund,,,16678.87,,,,,16678.87,,
,Vanguard Global Infrastructure Index Fund (Hedged),,,,2480.11,,,,2480.11,,
,Vanguard Global Value Equity Active Etf Vanguard Global Value Equity Active Etf,,,,5126.53,,,,5126.53,,
,Vanguard Growth Index Fund,,,52172.16,126056.07,,,,178228.23,,
,Vanguard International Fixed Interest Index Fund (Hedged) (W) ,,,53199.74,93068.34,,6749.21,2310.31,155327.6,,
,Vanguard International Property Securities Index Fund ,27709.49,,984325.22,376695.61,,,,1388730.32,,
,Vanguard International Property Securities Index Fund (Hedged) ,,,,32955.12,,,,32955.12,,
,Vanguard International Shares Index Fund (Hedged),,,,,,,55963.85,55963.85,,
,Vanguard Msci Australian Small Companies Index Etf Vanguard Msci Austr,,,,3880,,,,3880,,
,Vanguard Msci Index International Shares (Hedged) Etf Vanguard Msci In,,,,28689.28,,,,28689.28,,
,Vanguard Msci Index International Shares Etf Exchange Traded Fund Unit,,,,31282.3,,,,31282.3,,
,Vanguard Short Term Fixed Interest Fund,,,29967.67,,,,,29967.67,,
,Vanguard US Total Market Shares Index Etf Vanguard US Total Market Sha,,,13511.06,13850.24,,,,27361.3,,
,Walter Scott Global Equity Fund,,,91196.34,91650.53,,,2293.96,185140.83,,
,Walter Scott Global Equity Fund (Hedged),,,8282.06,10449.07,,,,18731.13,,
,Washington H. Soul Pattinson And Company Limited Ordinary Fully Paid,,,,10214.1,,,,10214.1,,
,Wesfarmers Limited Ordinary Fully Paid,,,56094.79,2998.42,,,,59093.21,,
,Western Asset Australian Bond Fund - Class A,103585.66,,71174.48,20311.4,,,,195071.54,,
,Westpac Banking Corporation Ordinary Fully Paid,,,47729.27,4141.48,,,,51870.75,,
,Wholesale Global Equity - Value Fund,,,,,,,3890.17,3890.17,,
,Wisetech Global Limited Ordinary Fully Paid,,,,858.09,,,,858.09,,
,Woodside Energy Group Ltd Ordinary Fully Paid,,,17913.92,4900.25,3321.12,2943.72,,29079.01,,
,Woolworths Group Limited Ordinary Fully Paid,,,57505.4,1487.75,,,,58993.15,,
,Worley Limited Ordinary Fully Paid,,,14117.4,,,,,14117.4,,
,Yarra Enhanced Income Fund - Class B,,,3611.33,,,,,3611.33,,
,ZIP CO Limited.. Ordinary Fully Paid,,,,56655.56,,,,56655.56,,
,Zurich Investments Global Growth Fund,,,31828.05,,,,,31828.05,,
,Zurich Investments Global Growth Share Fund - Class D,,,2159.03,24738,,,1608.51,28505.54,,
,Zurich Investments Global Thematic Share Fund ,62561.74,,1665438.02,698028.45,50652.24,201550.98,62404.02,2740635.45,,
,Zurich Investments Hedged Global Thematic Share Fund ,,,38116.94,70776.59,,13837.11,,122730.64,,
,Grand Total,35560746.21,161841.06,198620599.9,90203405.32,3451756.66,17212058.41,12604189.73,319846323.4,,
,,,,,,,,,,,
,,,,,,,,,,,
,,,,,,,,,,,
,,,,,,,,,,,0.560303948
